Status,Campus ID,Campus,Zip
Inactive,8508,"South University, Orlando",32701
Inactive,8508,"South University, Orlando",32703
Inactive,8508,"South University, Orlando",32707
Inactive,8508,"South University, Orlando",32708
Inactive,8508,"South University, Orlando",32709
Inactive,8508,"South University, Orlando",32712
Inactive,8508,"South University, Orlando",32713
Inactive,8508,"South University, Orlando",32714
Inactive,8508,"South University, Orlando",32726
Inactive,8508,"South University, Orlando",32730
Inactive,8508,"South University, Orlando",32732
Inactive,8508,"South University, Orlando",32736
Inactive,8508,"South University, Orlando",32746
Inactive,8508,"South University, Orlando",32750
Inactive,8508,"South University, Orlando",32751
Inactive,8508,"South University, Orlando",32757
Inactive,8508,"South University, Orlando",32765
Inactive,8508,"South University, Orlando",32766
Inactive,8508,"South University, Orlando",32771
Inactive,8508,"South University, Orlando",32773
Inactive,8508,"South University, Orlando",32776
Inactive,8508,"South University, Orlando",32778
Inactive,8508,"South University, Orlando",32779
Inactive,8508,"South University, Orlando",32789
Inactive,8508,"South University, Orlando",32792
Inactive,8508,"South University, Orlando",32798
Inactive,8508,"South University, Orlando",32801
Inactive,8508,"South University, Orlando",32803
Inactive,8508,"South University, Orlando",32804
Inactive,8508,"South University, Orlando",32805
Inactive,8508,"South University, Orlando",32806
Inactive,8508,"South University, Orlando",32807
Inactive,8508,"South University, Orlando",32808
Inactive,8508,"South University, Orlando",32809
Inactive,8508,"South University, Orlando",32810
Inactive,8508,"South University, Orlando",32811
Inactive,8508,"South University, Orlando",32812
Inactive,8508,"South University, Orlando",32814
Inactive,8508,"South University, Orlando",32817
Inactive,8508,"South University, Orlando",32818
Inactive,8508,"South University, Orlando",32819
Inactive,8508,"South University, Orlando",32820
Inactive,8508,"South University, Orlando",32821
Inactive,8508,"South University, Orlando",32822
Inactive,8508,"South University, Orlando",32824
Inactive,8508,"South University, Orlando",32825
Inactive,8508,"South University, Orlando",32826
Inactive,8508,"South University, Orlando",32827
Inactive,8508,"South University, Orlando",32828
Inactive,8508,"South University, Orlando",32829
Inactive,8508,"South University, Orlando",32830
Inactive,8508,"South University, Orlando",32831
Inactive,8508,"South University, Orlando",32832
Inactive,8508,"South University, Orlando",32833
Inactive,8508,"South University, Orlando",32835
Inactive,8508,"South University, Orlando",32836
Inactive,8508,"South University, Orlando",32837
Inactive,8508,"South University, Orlando",32839
Inactive,8508,"South University, Orlando",33837
Inactive,8508,"South University, Orlando",33844
Inactive,8508,"South University, Orlando",33850
Inactive,8508,"South University, Orlando",33868
Inactive,8508,"South University, Orlando",33896
Inactive,8508,"South University, Orlando",33897
Inactive,8508,"South University, Orlando",34705
Inactive,8508,"South University, Orlando",34711
Inactive,8508,"South University, Orlando",34714
Inactive,8508,"South University, Orlando",34715
Inactive,8508,"South University, Orlando",34734
Inactive,8508,"South University, Orlando",34736
Inactive,8508,"South University, Orlando",34737
Inactive,8508,"South University, Orlando",34741
Inactive,8508,"South University, Orlando",34743
Inactive,8508,"South University, Orlando",34744
Inactive,8508,"South University, Orlando",34746
Inactive,8508,"South University, Orlando",34747
Inactive,8508,"South University, Orlando",34756
Inactive,8508,"South University, Orlando",34758
Inactive,8508,"South University, Orlando",34759
Inactive,8508,"South University, Orlando",34760
Inactive,8508,"South University, Orlando",34761
Inactive,8508,"South University, Orlando",34769
Inactive,8508,"South University, Orlando",34771
Inactive,8508,"South University, Orlando",34772
Inactive,8508,"South University, Orlando",34786
Inactive,8508,"South University, Orlando",34787
Inactive,8508,"South University, Orlando",34797
Active,11022,"South University, High Point",27006
Active,11022,"South University, High Point",27009
Active,11022,"South University, High Point",27010
Active,11022,"South University, High Point",27012
Active,11022,"South University, High Point",27019
Active,11022,"South University, High Point",27023
Active,11022,"South University, High Point",27040
Active,11022,"South University, High Point",27042
Active,11022,"South University, High Point",27045
Active,11022,"South University, High Point",27051
Active,11022,"South University, High Point",27052
Active,11022,"South University, High Point",27094
Active,11022,"South University, High Point",27098
Active,11022,"South University, High Point",27099
Active,11022,"South University, High Point",27101
Active,11022,"South University, High Point",27102
Active,11022,"South University, High Point",27103
Active,11022,"South University, High Point",27104
Active,11022,"South University, High Point",27105
Active,11022,"South University, High Point",27106
Active,11022,"South University, High Point",27107
Active,11022,"South University, High Point",27108
Active,11022,"South University, High Point",27109
Active,11022,"South University, High Point",27110
Active,11022,"South University, High Point",27111
Active,11022,"South University, High Point",27113
Active,11022,"South University, High Point",27114
Active,11022,"South University, High Point",27115
Active,11022,"South University, High Point",27116
Active,11022,"South University, High Point",27117
Active,11022,"South University, High Point",27120
Active,11022,"South University, High Point",27127
Active,11022,"South University, High Point",27130
Active,11022,"South University, High Point",27150
Active,11022,"South University, High Point",27152
Active,11022,"South University, High Point",27155
Active,11022,"South University, High Point",27157
Active,11022,"South University, High Point",27198
Active,11022,"South University, High Point",27199
Active,11022,"South University, High Point",27203
Active,11022,"South University, High Point",27204
Active,11022,"South University, High Point",27205
Active,11022,"South University, High Point",27214
Active,11022,"South University, High Point",27230
Active,11022,"South University, High Point",27233
Active,11022,"South University, High Point",27235
Active,11022,"South University, High Point",27248
Active,11022,"South University, High Point",27260
Active,11022,"South University, High Point",27261
Active,11022,"South University, High Point",27262
Active,11022,"South University, High Point",27263
Active,11022,"South University, High Point",27264
Active,11022,"South University, High Point",27265
Active,11022,"South University, High Point",27282
Active,11022,"South University, High Point",27283
Active,11022,"South University, High Point",27284
Active,11022,"South University, High Point",27285
Active,11022,"South University, High Point",27292
Active,11022,"South University, High Point",27293
Active,11022,"South University, High Point",27294
Active,11022,"South University, High Point",27295
Active,11022,"South University, High Point",27301
Active,11022,"South University, High Point",27310
Active,11022,"South University, High Point",27313
Active,11022,"South University, High Point",27317
Active,11022,"South University, High Point",27342
Active,11022,"South University, High Point",27350
Active,11022,"South University, High Point",27351
Active,11022,"South University, High Point",27357
Active,11022,"South University, High Point",27358
Active,11022,"South University, High Point",27360
Active,11022,"South University, High Point",27361
Active,11022,"South University, High Point",27370
Active,11022,"South University, High Point",27373
Active,11022,"South University, High Point",27374
Active,11022,"South University, High Point",27377
Active,11022,"South University, High Point",27401
Active,11022,"South University, High Point",27402
Active,11022,"South University, High Point",27403
Active,11022,"South University, High Point",27404
Active,11022,"South University, High Point",27405
Active,11022,"South University, High Point",27406
Active,11022,"South University, High Point",27407
Active,11022,"South University, High Point",27408
Active,11022,"South University, High Point",27409
Active,11022,"South University, High Point",27410
Active,11022,"South University, High Point",27411
Active,11022,"South University, High Point",27412
Active,11022,"South University, High Point",27413
Active,11022,"South University, High Point",27415
Active,11022,"South University, High Point",27416
Active,11022,"South University, High Point",27417
Active,11022,"South University, High Point",27419
Active,11022,"South University, High Point",27420
Active,11022,"South University, High Point",27425
Active,11022,"South University, High Point",27427
Active,11022,"South University, High Point",27429
Active,11022,"South University, High Point",27435
Active,11022,"South University, High Point",27438
Active,11022,"South University, High Point",27455
Active,11022,"South University, High Point",27495
Active,11022,"South University, High Point",27497
Active,11022,"South University, High Point",27498
Active,11022,"South University, High Point",27499
Active,8504,"South University, Tampa",33503
Active,8504,"South University, Tampa",33508
Active,8504,"South University, Tampa",33509
Active,8504,"South University, Tampa",33510
Active,8504,"South University, Tampa",33511
Active,8504,"South University, Tampa",33523
Active,8504,"South University, Tampa",33524
Active,8504,"South University, Tampa",33525
Active,8504,"South University, Tampa",33526
Active,8504,"South University, Tampa",33527
Active,8504,"South University, Tampa",33530
Active,8504,"South University, Tampa",33534
Active,8504,"South University, Tampa",33537
Active,8504,"South University, Tampa",33539
Active,8504,"South University, Tampa",33540
Active,8504,"South University, Tampa",33541
Active,8504,"South University, Tampa",33542
Active,8504,"South University, Tampa",33543
Active,8504,"South University, Tampa",33544
Active,8504,"South University, Tampa",33545
Active,8504,"South University, Tampa",33547
Active,8504,"South University, Tampa",33548
Active,8504,"South University, Tampa",33549
Active,8504,"South University, Tampa",33550
Active,8504,"South University, Tampa",33556
Active,8504,"South University, Tampa",33558
Active,8504,"South University, Tampa",33559
Active,8504,"South University, Tampa",33563
Active,8504,"South University, Tampa",33564
Active,8504,"South University, Tampa",33565
Active,8504,"South University, Tampa",33566
Active,8504,"South University, Tampa",33567
Active,8504,"South University, Tampa",33568
Active,8504,"South University, Tampa",33569
Active,8504,"South University, Tampa",33570
Active,8504,"South University, Tampa",33571
Active,8504,"South University, Tampa",33572
Active,8504,"South University, Tampa",33573
Active,8504,"South University, Tampa",33574
Active,8504,"South University, Tampa",33575
Active,8504,"South University, Tampa",33576
Active,8504,"South University, Tampa",33578
Active,8504,"South University, Tampa",33579
Active,8504,"South University, Tampa",33583
Active,8504,"South University, Tampa",33584
Active,8504,"South University, Tampa",33586
Active,8504,"South University, Tampa",33587
Active,8504,"South University, Tampa",33592
Active,8504,"South University, Tampa",33593
Active,8504,"South University, Tampa",33594
Active,8504,"South University, Tampa",33595
Active,8504,"South University, Tampa",33596
Active,8504,"South University, Tampa",33598
Active,8504,"South University, Tampa",33601
Active,8504,"South University, Tampa",33602
Active,8504,"South University, Tampa",33603
Active,8504,"South University, Tampa",33604
Active,8504,"South University, Tampa",33605
Active,8504,"South University, Tampa",33606
Active,8504,"South University, Tampa",33607
Active,8504,"South University, Tampa",33608
Active,8504,"South University, Tampa",33609
Active,8504,"South University, Tampa",33610
Active,8504,"South University, Tampa",33611
Active,8504,"South University, Tampa",33612
Active,8504,"South University, Tampa",33613
Active,8504,"South University, Tampa",33614
Active,8504,"South University, Tampa",33615
Active,8504,"South University, Tampa",33616
Active,8504,"South University, Tampa",33617
Active,8504,"South University, Tampa",33618
Active,8504,"South University, Tampa",33619
Active,8504,"South University, Tampa",33620
Active,8504,"South University, Tampa",33621
Active,8504,"South University, Tampa",33622
Active,8504,"South University, Tampa",33623
Active,8504,"South University, Tampa",33624
Active,8504,"South University, Tampa",33625
Active,8504,"South University, Tampa",33626
Active,8504,"South University, Tampa",33629
Active,8504,"South University, Tampa",33630
Active,8504,"South University, Tampa",33631
Active,8504,"South University, Tampa",33633
Active,8504,"South University, Tampa",33634
Active,8504,"South University, Tampa",33635
Active,8504,"South University, Tampa",33637
Active,8504,"South University, Tampa",33646
Active,8504,"South University, Tampa",33647
Active,8504,"South University, Tampa",33650
Active,8504,"South University, Tampa",33651
Active,8504,"South University, Tampa",33655
Active,8504,"South University, Tampa",33660
Active,8504,"South University, Tampa",33661
Active,8504,"South University, Tampa",33662
Active,8504,"South University, Tampa",33663
Active,8504,"South University, Tampa",33664
Active,8504,"South University, Tampa",33672
Active,8504,"South University, Tampa",33673
Active,8504,"South University, Tampa",33674
Active,8504,"South University, Tampa",33675
Active,8504,"South University, Tampa",33677
Active,8504,"South University, Tampa",33679
Active,8504,"South University, Tampa",33680
Active,8504,"South University, Tampa",33681
Active,8504,"South University, Tampa",33682
Active,8504,"South University, Tampa",33684
Active,8504,"South University, Tampa",33685
Active,8504,"South University, Tampa",33686
Active,8504,"South University, Tampa",33687
Active,8504,"South University, Tampa",33688
Active,8504,"South University, Tampa",33689
Active,8504,"South University, Tampa",33690
Active,8504,"South University, Tampa",33694
Active,8504,"South University, Tampa",33701
Active,8504,"South University, Tampa",33702
Active,8504,"South University, Tampa",33703
Active,8504,"South University, Tampa",33704
Active,8504,"South University, Tampa",33705
Active,8504,"South University, Tampa",33706
Active,8504,"South University, Tampa",33707
Active,8504,"South University, Tampa",33708
Active,8504,"South University, Tampa",33709
Active,8504,"South University, Tampa",33710
Active,8504,"South University, Tampa",33711
Active,8504,"South University, Tampa",33712
Active,8504,"South University, Tampa",33713
Active,8504,"South University, Tampa",33714
Active,8504,"South University, Tampa",33715
Active,8504,"South University, Tampa",33716
Active,8504,"South University, Tampa",33729
Active,8504,"South University, Tampa",33730
Active,8504,"South University, Tampa",33731
Active,8504,"South University, Tampa",33732
Active,8504,"South University, Tampa",33733
Active,8504,"South University, Tampa",33734
Active,8504,"South University, Tampa",33736
Active,8504,"South University, Tampa",33737
Active,8504,"South University, Tampa",33738
Active,8504,"South University, Tampa",33740
Active,8504,"South University, Tampa",33741
Active,8504,"South University, Tampa",33742
Active,8504,"South University, Tampa",33743
Active,8504,"South University, Tampa",33744
Active,8504,"South University, Tampa",33747
Active,8504,"South University, Tampa",33755
Active,8504,"South University, Tampa",33756
Active,8504,"South University, Tampa",33757
Active,8504,"South University, Tampa",33758
Active,8504,"South University, Tampa",33759
Active,8504,"South University, Tampa",33760
Active,8504,"South University, Tampa",33761
Active,8504,"South University, Tampa",33762
Active,8504,"South University, Tampa",33763
Active,8504,"South University, Tampa",33764
Active,8504,"South University, Tampa",33765
Active,8504,"South University, Tampa",33766
Active,8504,"South University, Tampa",33767
Active,8504,"South University, Tampa",33769
Active,8504,"South University, Tampa",33770
Active,8504,"South University, Tampa",33771
Active,8504,"South University, Tampa",33772
Active,8504,"South University, Tampa",33773
Active,8504,"South University, Tampa",33774
Active,8504,"South University, Tampa",33775
Active,8504,"South University, Tampa",33776
Active,8504,"South University, Tampa",33777
Active,8504,"South University, Tampa",33778
Active,8504,"South University, Tampa",33779
Active,8504,"South University, Tampa",33780
Active,8504,"South University, Tampa",33781
Active,8504,"South University, Tampa",33782
Active,8504,"South University, Tampa",33784
Active,8504,"South University, Tampa",33785
Active,8504,"South University, Tampa",33786
Active,8504,"South University, Tampa",33801
Active,8504,"South University, Tampa",33802
Active,8504,"South University, Tampa",33803
Active,8504,"South University, Tampa",33804
Active,8504,"South University, Tampa",33805
Active,8504,"South University, Tampa",33806
Active,8504,"South University, Tampa",33807
Active,8504,"South University, Tampa",33809
Active,8504,"South University, Tampa",33810
Active,8504,"South University, Tampa",33811
Active,8504,"South University, Tampa",33812
Active,8504,"South University, Tampa",33813
Active,8504,"South University, Tampa",33815
Active,8504,"South University, Tampa",33835
Active,8504,"South University, Tampa",33840
Active,8504,"South University, Tampa",33846
Active,8504,"South University, Tampa",33849
Active,8504,"South University, Tampa",33860
Active,8504,"South University, Tampa",33863
Active,8504,"South University, Tampa",34201
Active,8504,"South University, Tampa",34202
Active,8504,"South University, Tampa",34203
Active,8504,"South University, Tampa",34204
Active,8504,"South University, Tampa",34205
Active,8504,"South University, Tampa",34206
Active,8504,"South University, Tampa",34207
Active,8504,"South University, Tampa",34208
Active,8504,"South University, Tampa",34209
Active,8504,"South University, Tampa",34210
Active,8504,"South University, Tampa",34211
Active,8504,"South University, Tampa",34212
Active,8504,"South University, Tampa",34215
Active,8504,"South University, Tampa",34216
Active,8504,"South University, Tampa",34217
Active,8504,"South University, Tampa",34218
Active,8504,"South University, Tampa",34219
Active,8504,"South University, Tampa",34220
Active,8504,"South University, Tampa",34221
Active,8504,"South University, Tampa",34222
Active,8504,"South University, Tampa",34234
Active,8504,"South University, Tampa",34243
Active,8504,"South University, Tampa",34250
Active,8504,"South University, Tampa",34260
Active,8504,"South University, Tampa",34264
Active,8504,"South University, Tampa",34270
Active,8504,"South University, Tampa",34280
Active,8504,"South University, Tampa",34281
Active,8504,"South University, Tampa",34282
Active,8504,"South University, Tampa",34602
Active,8504,"South University, Tampa",34604
Active,8504,"South University, Tampa",34605
Active,8504,"South University, Tampa",34606
Active,8504,"South University, Tampa",34607
Active,8504,"South University, Tampa",34608
Active,8504,"South University, Tampa",34609
Active,8504,"South University, Tampa",34610
Active,8504,"South University, Tampa",34613
Active,8504,"South University, Tampa",34637
Active,8504,"South University, Tampa",34638
Active,8504,"South University, Tampa",34639
Active,8504,"South University, Tampa",34652
Active,8504,"South University, Tampa",34653
Active,8504,"South University, Tampa",34654
Active,8504,"South University, Tampa",34655
Active,8504,"South University, Tampa",34656
Active,8504,"South University, Tampa",34660
Active,8504,"South University, Tampa",34667
Active,8504,"South University, Tampa",34668
Active,8504,"South University, Tampa",34669
Active,8504,"South University, Tampa",34673
Active,8504,"South University, Tampa",34674
Active,8504,"South University, Tampa",34677
Active,8504,"South University, Tampa",34679
Active,8504,"South University, Tampa",34680
Active,8504,"South University, Tampa",34681
Active,8504,"South University, Tampa",34682
Active,8504,"South University, Tampa",34683
Active,8504,"South University, Tampa",34684
Active,8504,"South University, Tampa",34685
Active,8504,"South University, Tampa",34688
Active,8504,"South University, Tampa",34689
Active,8504,"South University, Tampa",34690
Active,8504,"South University, Tampa",34691
Active,8504,"South University, Tampa",34692
Active,8504,"South University, Tampa",34695
Active,8504,"South University, Tampa",34697
Active,8504,"South University, Tampa",34698
Active,8500,"South University, West Palm Beach",33401
Active,8500,"South University, West Palm Beach",33402
Active,8500,"South University, West Palm Beach",33403
Active,8500,"South University, West Palm Beach",33405
Active,8500,"South University, West Palm Beach",33406
Active,8500,"South University, West Palm Beach",33407
Active,8500,"South University, West Palm Beach",33408
Active,8500,"South University, West Palm Beach",33409
Active,8500,"South University, West Palm Beach",33410
Active,8500,"South University, West Palm Beach",33411
Active,8500,"South University, West Palm Beach",33412
Active,8500,"South University, West Palm Beach",33413
Active,8500,"South University, West Palm Beach",33414
Active,8500,"South University, West Palm Beach",33415
Active,8500,"South University, West Palm Beach",33416
Active,8500,"South University, West Palm Beach",33417
Active,8500,"South University, West Palm Beach",33418
Active,8500,"South University, West Palm Beach",33419
Active,8500,"South University, West Palm Beach",33420
Active,8500,"South University, West Palm Beach",33421
Active,8500,"South University, West Palm Beach",33422
Active,8500,"South University, West Palm Beach",33424
Active,8500,"South University, West Palm Beach",33425
Active,8500,"South University, West Palm Beach",33427
Active,8500,"South University, West Palm Beach",33428
Active,8500,"South University, West Palm Beach",33429
Active,8500,"South University, West Palm Beach",33431
Active,8500,"South University, West Palm Beach",33434
Active,8500,"South University, West Palm Beach",33435
Active,8500,"South University, West Palm Beach",33436
Active,8500,"South University, West Palm Beach",33437
Active,8500,"South University, West Palm Beach",33445
Active,8500,"South University, West Palm Beach",33446
Active,8500,"South University, West Palm Beach",33448
Active,8500,"South University, West Palm Beach",33449
Active,8500,"South University, West Palm Beach",33454
Active,8500,"South University, West Palm Beach",33455
Active,8500,"South University, West Palm Beach",33460
Active,8500,"South University, West Palm Beach",33461
Active,8500,"South University, West Palm Beach",33462
Active,8500,"South University, West Palm Beach",33463
Active,8500,"South University, West Palm Beach",33464
Active,8500,"South University, West Palm Beach",33465
Active,8500,"South University, West Palm Beach",33466
Active,8500,"South University, West Palm Beach",33467
Active,8500,"South University, West Palm Beach",33468
Active,8500,"South University, West Palm Beach",33469
Active,8500,"South University, West Palm Beach",33470
Active,8500,"South University, West Palm Beach",33472
Active,8500,"South University, West Palm Beach",33473
Active,8500,"South University, West Palm Beach",33474
Active,8500,"South University, West Palm Beach",33475
Active,8500,"South University, West Palm Beach",33477
Active,8500,"South University, West Palm Beach",33478
Active,8500,"South University, West Palm Beach",33480
Active,8500,"South University, West Palm Beach",33481
Active,8500,"South University, West Palm Beach",33482
Active,8500,"South University, West Palm Beach",33483
Active,8500,"South University, West Palm Beach",33484
Active,8500,"South University, West Palm Beach",33486
Active,8500,"South University, West Palm Beach",33487
Active,8500,"South University, West Palm Beach",33488
Active,8500,"South University, West Palm Beach",33496
Active,8500,"South University, West Palm Beach",33497
Active,8500,"South University, West Palm Beach",33498
Active,8500,"South University, West Palm Beach",33499
Active,8506,"South University, Virginia Beach",23320
Active,8506,"South University, Virginia Beach",23321
Active,8506,"South University, Virginia Beach",23322
Active,8506,"South University, Virginia Beach",23323
Active,8506,"South University, Virginia Beach",23324
Active,8506,"South University, Virginia Beach",23325
Active,8506,"South University, Virginia Beach",23326
Active,8506,"South University, Virginia Beach",23327
Active,8506,"South University, Virginia Beach",23328
Active,8506,"South University, Virginia Beach",23435
Active,8506,"South University, Virginia Beach",23443
Active,8506,"South University, Virginia Beach",23450
Active,8506,"South University, Virginia Beach",23451
Active,8506,"South University, Virginia Beach",23452
Active,8506,"South University, Virginia Beach",23453
Active,8506,"South University, Virginia Beach",23454
Active,8506,"South University, Virginia Beach",23455
Active,8506,"South University, Virginia Beach",23456
Active,8506,"South University, Virginia Beach",23457
Active,8506,"South University, Virginia Beach",23458
Active,8506,"South University, Virginia Beach",23459
Active,8506,"South University, Virginia Beach",23460
Active,8506,"South University, Virginia Beach",23461
Active,8506,"South University, Virginia Beach",23462
Active,8506,"South University, Virginia Beach",23463
Active,8506,"South University, Virginia Beach",23464
Active,8506,"South University, Virginia Beach",23465
Active,8506,"South University, Virginia Beach",23466
Active,8506,"South University, Virginia Beach",23467
Active,8506,"South University, Virginia Beach",23471
Active,8506,"South University, Virginia Beach",23479
Active,8506,"South University, Virginia Beach",23501
Active,8506,"South University, Virginia Beach",23502
Active,8506,"South University, Virginia Beach",23503
Active,8506,"South University, Virginia Beach",23504
Active,8506,"South University, Virginia Beach",23505
Active,8506,"South University, Virginia Beach",23506
Active,8506,"South University, Virginia Beach",23507
Active,8506,"South University, Virginia Beach",23509
Active,8506,"South University, Virginia Beach",23510
Active,8506,"South University, Virginia Beach",23511
Active,8506,"South University, Virginia Beach",23512
Active,8506,"South University, Virginia Beach",23513
Active,8506,"South University, Virginia Beach",23514
Active,8506,"South University, Virginia Beach",23515
Active,8506,"South University, Virginia Beach",23517
Active,8506,"South University, Virginia Beach",23518
Active,8506,"South University, Virginia Beach",23519
Active,8506,"South University, Virginia Beach",23520
Active,8506,"South University, Virginia Beach",23521
Active,8506,"South University, Virginia Beach",23523
Active,8506,"South University, Virginia Beach",23529
Active,8506,"South University, Virginia Beach",23541
Active,8506,"South University, Virginia Beach",23551
Active,8506,"South University, Virginia Beach",23701
Active,8506,"South University, Virginia Beach",23702
Active,8506,"South University, Virginia Beach",23703
Active,8506,"South University, Virginia Beach",23704
Active,8506,"South University, Virginia Beach",23705
Active,8506,"South University, Virginia Beach",23707
Active,8506,"South University, Virginia Beach",23708
Active,8506,"South University, Virginia Beach",23709
Active,8502,"South University, Columbia",29002
Active,8502,"South University, Columbia",29009
Active,8502,"South University, Columbia",29014
Active,8502,"South University, Columbia",29015
Active,8502,"South University, Columbia",29016
Active,8502,"South University, Columbia",29020
Active,8502,"South University, Columbia",29021
Active,8502,"South University, Columbia",29030
Active,8502,"South University, Columbia",29031
Active,8502,"South University, Columbia",29032
Active,8502,"South University, Columbia",29033
Active,8502,"South University, Columbia",29036
Active,8502,"South University, Columbia",29039
Active,8502,"South University, Columbia",29040
Active,8502,"South University, Columbia",29044
Active,8502,"South University, Columbia",29045
Active,8502,"South University, Columbia",29047
Active,8502,"South University, Columbia",29052
Active,8502,"South University, Columbia",29053
Active,8502,"South University, Columbia",29054
Active,8502,"South University, Columbia",29055
Active,8502,"South University, Columbia",29058
Active,8502,"South University, Columbia",29061
Active,8502,"South University, Columbia",29062
Active,8502,"South University, Columbia",29063
Active,8502,"South University, Columbia",29065
Active,8502,"South University, Columbia",29067
Active,8502,"South University, Columbia",29070
Active,8502,"South University, Columbia",29071
Active,8502,"South University, Columbia",29072
Active,8502,"South University, Columbia",29073
Active,8502,"South University, Columbia",29074
Active,8502,"South University, Columbia",29075
Active,8502,"South University, Columbia",29078
Active,8502,"South University, Columbia",29105
Active,8502,"South University, Columbia",29107
Active,8502,"South University, Columbia",29112
Active,8502,"South University, Columbia",29113
Active,8502,"South University, Columbia",29115
Active,8502,"South University, Columbia",29116
Active,8502,"South University, Columbia",29117
Active,8502,"South University, Columbia",29118
Active,8502,"South University, Columbia",29122
Active,8502,"South University, Columbia",29125
Active,8502,"South University, Columbia",29126
Active,8502,"South University, Columbia",29127
Active,8502,"South University, Columbia",29128
Active,8502,"South University, Columbia",29129
Active,8502,"South University, Columbia",29130
Active,8502,"South University, Columbia",29132
Active,8502,"South University, Columbia",29137
Active,8502,"South University, Columbia",29138
Active,8502,"South University, Columbia",29145
Active,8502,"South University, Columbia",29146
Active,8502,"South University, Columbia",29147
Active,8502,"South University, Columbia",29150
Active,8502,"South University, Columbia",29151
Active,8502,"South University, Columbia",29152
Active,8502,"South University, Columbia",29153
Active,8502,"South University, Columbia",29154
Active,8502,"South University, Columbia",29164
Active,8502,"South University, Columbia",29166
Active,8502,"South University, Columbia",29168
Active,8502,"South University, Columbia",29169
Active,8502,"South University, Columbia",29170
Active,8502,"South University, Columbia",29171
Active,8502,"South University, Columbia",29172
Active,8502,"South University, Columbia",29175
Active,8502,"South University, Columbia",29177
Active,8502,"South University, Columbia",29178
Active,8502,"South University, Columbia",29180
Active,8502,"South University, Columbia",29201
Active,8502,"South University, Columbia",29202
Active,8502,"South University, Columbia",29203
Active,8502,"South University, Columbia",29204
Active,8502,"South University, Columbia",29205
Active,8502,"South University, Columbia",29206
Active,8502,"South University, Columbia",29207
Active,8502,"South University, Columbia",29208
Active,8502,"South University, Columbia",29209
Active,8502,"South University, Columbia",29210
Active,8502,"South University, Columbia",29211
Active,8502,"South University, Columbia",29212
Active,8502,"South University, Columbia",29214
Active,8502,"South University, Columbia",29215
Active,8502,"South University, Columbia",29216
Active,8502,"South University, Columbia",29217
Active,8502,"South University, Columbia",29218
Active,8502,"South University, Columbia",29219
Active,8502,"South University, Columbia",29220
Active,8502,"South University, Columbia",29221
Active,8502,"South University, Columbia",29222
Active,8502,"South University, Columbia",29223
Active,8502,"South University, Columbia",29224
Active,8502,"South University, Columbia",29225
Active,8502,"South University, Columbia",29226
Active,8502,"South University, Columbia",29227
Active,8502,"South University, Columbia",29228
Active,8502,"South University, Columbia",29229
Active,8502,"South University, Columbia",29230
Active,8502,"South University, Columbia",29240
Active,8502,"South University, Columbia",29250
Active,8502,"South University, Columbia",29260
Active,8502,"South University, Columbia",29290
Active,8502,"South University, Columbia",29292
Active,8502,"South University, Columbia",29714
Active,8502,"South University, Columbia",29729
Active,8502,"South University, Columbia",29805
Active,8507,"South University, Austin",73301
Active,8507,"South University, Austin",76530
Active,8507,"South University, Austin",76541
Active,8507,"South University, Austin",76544
Active,8507,"South University, Austin",76574
Active,8507,"South University, Austin",78613
Active,8507,"South University, Austin",78615
Active,8507,"South University, Austin",78626
Active,8507,"South University, Austin",78627
Active,8507,"South University, Austin",78628
Active,8507,"South University, Austin",78630
Active,8507,"South University, Austin",78633
Active,8507,"South University, Austin",78634
Active,8507,"South University, Austin",78641
Active,8507,"South University, Austin",78642
Active,8507,"South University, Austin",78645
Active,8507,"South University, Austin",78646
Active,8507,"South University, Austin",78651
Active,8507,"South University, Austin",78652
Active,8507,"South University, Austin",78653
Active,8507,"South University, Austin",78660
Active,8507,"South University, Austin",78664
Active,8507,"South University, Austin",78665
Active,8507,"South University, Austin",78669
Active,8507,"South University, Austin",78680
Active,8507,"South University, Austin",78681
Active,8507,"South University, Austin",78682
Active,8507,"South University, Austin",78683
Active,8507,"South University, Austin",78691
Active,8507,"South University, Austin",78705
Active,8507,"South University, Austin",78708
Active,8507,"South University, Austin",78709
Active,8507,"South University, Austin",78710
Active,8507,"South University, Austin",78711
Active,8507,"South University, Austin",78712
Active,8507,"South University, Austin",78713
Active,8507,"South University, Austin",78714
Active,8507,"South University, Austin",78715
Active,8507,"South University, Austin",78716
Active,8507,"South University, Austin",78717
Active,8507,"South University, Austin",78718
Active,8507,"South University, Austin",78719
Active,8507,"South University, Austin",78720
Active,8507,"South University, Austin",78726
Active,8507,"South University, Austin",78727
Active,8507,"South University, Austin",78728
Active,8507,"South University, Austin",78729
Active,8507,"South University, Austin",78730
Active,8507,"South University, Austin",78731
Active,8507,"South University, Austin",78732
Active,8507,"South University, Austin",78733
Active,8507,"South University, Austin",78734
Active,8507,"South University, Austin",78735
Active,8507,"South University, Austin",78736
Active,8507,"South University, Austin",78737
Active,8507,"South University, Austin",78738
Active,8507,"South University, Austin",78739
Active,8507,"South University, Austin",78746
Active,8507,"South University, Austin",78747
Active,8507,"South University, Austin",78748
Active,8507,"South University, Austin",78749
Active,8507,"South University, Austin",78750
Active,8507,"South University, Austin",78751
Active,8507,"South University, Austin",78752
Active,8507,"South University, Austin",78753
Active,8507,"South University, Austin",78754
Active,8507,"South University, Austin",78755
Active,8507,"South University, Austin",78756
Active,8507,"South University, Austin",78757
Active,8507,"South University, Austin",78758
Active,8507,"South University, Austin",78759
Active,8507,"South University, Austin",78760
Active,8507,"South University, Austin",78761
Active,8507,"South University, Austin",78762
Active,8507,"South University, Austin",78763
Active,8507,"South University, Austin",78764
Active,8507,"South University, Austin",78765
Active,8507,"South University, Austin",78766
Active,8507,"South University, Austin",78767
Active,8507,"South University, Austin",78768
Active,8507,"South University, Austin",78772
Active,8507,"South University, Austin",78774
Active,8507,"South University, Austin",78778
Active,8507,"South University, Austin",78783
Active,8507,"South University, Austin",78785
Active,8507,"South University, Austin",78789
Active,8505,"South University, Richmond",22427
Active,8505,"South University, Richmond",22428
Active,8505,"South University, Richmond",22546
Active,8505,"South University, Richmond",23002
Active,8505,"South University, Richmond",23005
Active,8505,"South University, Richmond",23009
Active,8505,"South University, Richmond",23015
Active,8505,"South University, Richmond",23024
Active,8505,"South University, Richmond",23030
Active,8505,"South University, Richmond",23038
Active,8505,"South University, Richmond",23039
Active,8505,"South University, Richmond",23059
Active,8505,"South University, Richmond",23060
Active,8505,"South University, Richmond",23065
Active,8505,"South University, Richmond",23069
Active,8505,"South University, Richmond",23075
Active,8505,"South University, Richmond",23084
Active,8505,"South University, Richmond",23085
Active,8505,"South University, Richmond",23086
Active,8505,"South University, Richmond",23102
Active,8505,"South University, Richmond",23103
Active,8505,"South University, Richmond",23105
Active,8505,"South University, Richmond",23111
Active,8505,"South University, Richmond",23112
Active,8505,"South University, Richmond",23113
Active,8505,"South University, Richmond",23114
Active,8505,"South University, Richmond",23116
Active,8505,"South University, Richmond",23117
Active,8505,"South University, Richmond",23141
Active,8505,"South University, Richmond",23146
Active,8505,"South University, Richmond",23150
Active,8505,"South University, Richmond",23162
Active,8505,"South University, Richmond",23192
Active,8505,"South University, Richmond",23219
Active,8505,"South University, Richmond",23220
Active,8505,"South University, Richmond",23221
Active,8505,"South University, Richmond",23222
Active,8505,"South University, Richmond",23223
Active,8505,"South University, Richmond",23224
Active,8505,"South University, Richmond",23225
Active,8505,"South University, Richmond",23226
Active,8505,"South University, Richmond",23227
Active,8505,"South University, Richmond",23228
Active,8505,"South University, Richmond",23229
Active,8505,"South University, Richmond",23230
Active,8505,"South University, Richmond",23231
Active,8505,"South University, Richmond",23232
Active,8505,"South University, Richmond",23233
Active,8505,"South University, Richmond",23234
Active,8505,"South University, Richmond",23235
Active,8505,"South University, Richmond",23236
Active,8505,"South University, Richmond",23237
Active,8505,"South University, Richmond",23238
Active,8505,"South University, Richmond",23249
Active,8505,"South University, Richmond",23250
Active,8505,"South University, Richmond",23276
Active,8505,"South University, Richmond",23278
Active,8505,"South University, Richmond",23279
Active,8505,"South University, Richmond",23286
Active,8505,"South University, Richmond",23288
Active,8505,"South University, Richmond",23289
Active,8505,"South University, Richmond",23290
Active,8505,"South University, Richmond",23292
Active,8505,"South University, Richmond",23293
Active,8505,"South University, Richmond",23294
Active,8505,"South University, Richmond",23801
Active,8505,"South University, Richmond",23832
Active,8505,"South University, Richmond",23836
Active,8505,"South University, Richmond",23838
Active,8499,"South University, Savannah",29901
Active,8499,"South University, Savannah",29902
Active,8499,"South University, Savannah",29903
Active,8499,"South University, Savannah",29904
Active,8499,"South University, Savannah",29905
Active,8499,"South University, Savannah",29906
Active,8499,"South University, Savannah",29907
Active,8499,"South University, Savannah",29909
Active,8499,"South University, Savannah",29910
Active,8499,"South University, Savannah",29912
Active,8499,"South University, Savannah",29914
Active,8499,"South University, Savannah",29915
Active,8499,"South University, Savannah",29922
Active,8499,"South University, Savannah",29925
Active,8499,"South University, Savannah",29926
Active,8499,"South University, Savannah",29927
Active,8499,"South University, Savannah",29928
Active,8499,"South University, Savannah",29931
Active,8499,"South University, Savannah",29934
Active,8499,"South University, Savannah",29935
Active,8499,"South University, Savannah",29936
Active,8499,"South University, Savannah",29938
Active,8499,"South University, Savannah",29940
Active,8499,"South University, Savannah",29941
Active,8499,"South University, Savannah",29943
Active,8499,"South University, Savannah",30415
Active,8499,"South University, Savannah",30446
Active,8499,"South University, Savannah",30449
Active,8499,"South University, Savannah",31301
Active,8499,"South University, Savannah",31302
Active,8499,"South University, Savannah",31303
Active,8499,"South University, Savannah",31304
Active,8499,"South University, Savannah",31305
Active,8499,"South University, Savannah",31307
Active,8499,"South University, Savannah",31308
Active,8499,"South University, Savannah",31309
Active,8499,"South University, Savannah",31310
Active,8499,"South University, Savannah",31313
Active,8499,"South University, Savannah",31314
Active,8499,"South University, Savannah",31315
Active,8499,"South University, Savannah",31316
Active,8499,"South University, Savannah",31318
Active,8499,"South University, Savannah",31319
Active,8499,"South University, Savannah",31320
Active,8499,"South University, Savannah",31321
Active,8499,"South University, Savannah",31322
Active,8499,"South University, Savannah",31323
Active,8499,"South University, Savannah",31324
Active,8499,"South University, Savannah",31326
Active,8499,"South University, Savannah",31327
Active,8499,"South University, Savannah",31328
Active,8499,"South University, Savannah",31329
Active,8499,"South University, Savannah",31331
Active,8499,"South University, Savannah",31333
Active,8499,"South University, Savannah",31401
Active,8499,"South University, Savannah",31402
Active,8499,"South University, Savannah",31403
Active,8499,"South University, Savannah",31404
Active,8499,"South University, Savannah",31405
Active,8499,"South University, Savannah",31406
Active,8499,"South University, Savannah",31407
Active,8499,"South University, Savannah",31408
Active,8499,"South University, Savannah",31409
Active,8499,"South University, Savannah",31410
Active,8499,"South University, Savannah",31411
Active,8499,"South University, Savannah",31412
Active,8499,"South University, Savannah",31414
Active,8499,"South University, Savannah",31415
Active,8499,"South University, Savannah",31416
Active,8499,"South University, Savannah",31418
Active,8499,"South University, Savannah",31419
Active,8499,"South University, Savannah",31420
Active,8499,"South University, Savannah",31421
Active,8501,"South University, Montgomery",35010
Active,8501,"South University, Montgomery",35045
Active,8501,"South University, Montgomery",35046
Active,8501,"South University, Montgomery",35136
Active,8501,"South University, Montgomery",35183
Active,8501,"South University, Montgomery",36003
Active,8501,"South University, Montgomery",36005
Active,8501,"South University, Montgomery",36006
Active,8501,"South University, Montgomery",36008
Active,8501,"South University, Montgomery",36013
Active,8501,"South University, Montgomery",36020
Active,8501,"South University, Montgomery",36022
Active,8501,"South University, Montgomery",36023
Active,8501,"South University, Montgomery",36024
Active,8501,"South University, Montgomery",36025
Active,8501,"South University, Montgomery",36026
Active,8501,"South University, Montgomery",36029
Active,8501,"South University, Montgomery",36031
Active,8501,"South University, Montgomery",36035
Active,8501,"South University, Montgomery",36036
Active,8501,"South University, Montgomery",36037
Active,8501,"South University, Montgomery",36039
Active,8501,"South University, Montgomery",36040
Active,8501,"South University, Montgomery",36041
Active,8501,"South University, Montgomery",36042
Active,8501,"South University, Montgomery",36043
Active,8501,"South University, Montgomery",36045
Active,8501,"South University, Montgomery",36046
Active,8501,"South University, Montgomery",36049
Active,8501,"South University, Montgomery",36051
Active,8501,"South University, Montgomery",36052
Active,8501,"South University, Montgomery",36054
Active,8501,"South University, Montgomery",36057
Active,8501,"South University, Montgomery",36061
Active,8501,"South University, Montgomery",36062
Active,8501,"South University, Montgomery",36064
Active,8501,"South University, Montgomery",36065
Active,8501,"South University, Montgomery",36066
Active,8501,"South University, Montgomery",36067
Active,8501,"South University, Montgomery",36068
Active,8501,"South University, Montgomery",36069
Active,8501,"South University, Montgomery",36071
Active,8501,"South University, Montgomery",36075
Active,8501,"South University, Montgomery",36078
Active,8501,"South University, Montgomery",36079
Active,8501,"South University, Montgomery",36080
Active,8501,"South University, Montgomery",36081
Active,8501,"South University, Montgomery",36082
Active,8501,"South University, Montgomery",36083
Active,8501,"South University, Montgomery",36087
Active,8501,"South University, Montgomery",36088
Active,8501,"South University, Montgomery",36089
Active,8501,"South University, Montgomery",36091
Active,8501,"South University, Montgomery",36092
Active,8501,"South University, Montgomery",36093
Active,8501,"South University, Montgomery",36101
Active,8501,"South University, Montgomery",36102
Active,8501,"South University, Montgomery",36103
Active,8501,"South University, Montgomery",36104
Active,8501,"South University, Montgomery",36105
Active,8501,"South University, Montgomery",36106
Active,8501,"South University, Montgomery",36107
Active,8501,"South University, Montgomery",36108
Active,8501,"South University, Montgomery",36109
Active,8501,"South University, Montgomery",36110
Active,8501,"South University, Montgomery",36111
Active,8501,"South University, Montgomery",36112
Active,8501,"South University, Montgomery",36113
Active,8501,"South University, Montgomery",36114
Active,8501,"South University, Montgomery",36115
Active,8501,"South University, Montgomery",36116
Active,8501,"South University, Montgomery",36117
Active,8501,"South University, Montgomery",36118
Active,8501,"South University, Montgomery",36119
Active,8501,"South University, Montgomery",36120
Active,8501,"South University, Montgomery",36121
Active,8501,"South University, Montgomery",36123
Active,8501,"South University, Montgomery",36124
Active,8501,"South University, Montgomery",36125
Active,8501,"South University, Montgomery",36130
Active,8501,"South University, Montgomery",36131
Active,8501,"South University, Montgomery",36132
Active,8501,"South University, Montgomery",36133
Active,8501,"South University, Montgomery",36134
Active,8501,"South University, Montgomery",36135
Active,8501,"South University, Montgomery",36140
Active,8501,"South University, Montgomery",36141
Active,8501,"South University, Montgomery",36142
Active,8501,"South University, Montgomery",36177
Active,8501,"South University, Montgomery",36191
Active,8501,"South University, Montgomery",36703
Active,8501,"South University, Montgomery",36749
Active,8501,"South University, Montgomery",36752
Active,8501,"South University, Montgomery",36758
Active,8501,"South University, Montgomery",36761
Active,8501,"South University, Montgomery",36775
Active,8501,"South University, Montgomery",36832
Active,8501,"South University, Montgomery",36853
Active,8501,"South University, Montgomery",36861
Active,8501,"South University, Montgomery",36866
